Storm_ID,Central_Pressure_Deficit,Heading_Direction,Radius_of_Maximum_Wind,Reference_Latitude,Reference_Longitude,Translational_Speed
1,88,-60,39,35.2,-76.52,18
2,78,-60,108,35.2,-76.52,29
3,68,-60,62,35.2,-76.52,42
4,58,-60,47,35.2,-76.52,32
5,48,-60,64,35.2,-76.52,12
6,38,-60,72,35.2,-76.52,19
7,28,-60,26,35.2,-76.52,39
8,88,-60,114,35.54,-75.92,25
9,78,-60,51,35.54,-75.92,30
10,68,-60,26,35.54,-75.92,31
11,58,-60,37,35.54,-75.92,12
12,48,-60,77,35.54,-75.92,44
13,38,-60,72,35.54,-75.92,13
14,28,-60,39,35.54,-75.92,39
15,88,-60,105,36.04,-75.67,24
16,78,-60,50,36.04,-75.67,30
17,68,-60,39,36.04,-75.67,12
18,58,-60,26,36.04,-75.67,29
19,48,-60,82,36.04,-75.67,44
20,38,-60,68,36.04,-75.67,15
21,28,-60,42,36.04,-75.67,40
22,88,-60,50,36.79,-75.96,40
23,78,-60,51,36.79,-75.96,29
24,68,-60,107,36.79,-75.96,26
25,58,-60,65,36.79,-75.96,12
26,48,-60,28,36.79,-75.96,34
27,38,-60,37,36.79,-75.96,13
28,28,-60,75,36.79,-75.96,38
29,88,-60,77,37.37,-75.89,37
30,78,-60,35,37.37,-75.89,26
31,68,-60,62,37.37,-75.89,12
32,58,-60,109,37.37,-75.89,25
33,48,-60,49,37.37,-75.89,25
34,38,-60,58,37.37,-75.89,40
35,28,-60,25,37.37,-75.89,35
36,88,-60,72,37.8,-75.51,31
37,78,-60,38,37.8,-75.51,27
38,68,-60,53,37.8,-75.51,35
39,58,-60,105,37.8,-75.51,28
40,48,-60,64,37.8,-75.51,14
41,38,-60,25,37.8,-75.51,28
42,28,-60,61,37.8,-75.51,46
43,88,-60,50,38.23,-75.14,37
44,78,-60,78,38.23,-75.14,12
45,68,-60,104,38.23,-75.14,35
46,58,-60,41,38.23,-75.14,12
47,48,-60,25,38.23,-75.14,31
48,38,-60,48,38.23,-75.14,20
49,28,-60,71,38.23,-75.14,33
50,88,-60,47,38.89,-75.27,18
51,78,-60,75,38.89,-75.27,40
52,68,-60,104,38.89,-75.27,21
53,58,-60,41,38.89,-75.27,39
54,48,-60,67,38.89,-75.27,36
55,38,-60,25,38.89,-75.27,19
56,28,-60,58,38.89,-75.27,13
57,88,-40,53,35.38,-76.48,20
58,78,-40,105,35.38,-76.48,21
59,68,-40,29,35.38,-76.48,22
60,58,-40,73,35.38,-76.48,41
61,48,-40,51,35.38,-76.48,40
62,38,-40,38,35.38,-76.48,36
63,28,-40,65,35.38,-76.48,12
64,88,-40,54,35.57,-75.8,30
65,78,-40,104,35.57,-75.8,30
66,68,-40,37,35.57,-75.8,12
67,58,-40,29,35.57,-75.8,38
68,48,-40,80,35.57,-75.8,13
69,38,-40,63,35.57,-75.8,47
70,28,-40,50,35.57,-75.8,23
71,88,-40,44,36.41,-75.83,24
72,78,-40,66,36.41,-75.83,45
73,68,-40,117,36.41,-75.83,25
74,58,-40,52,36.41,-75.83,17
75,48,-40,26,36.41,-75.83,20
76,38,-40,39,36.41,-75.83,41
77,28,-40,74,36.41,-75.83,23
78,88,-40,69,37.26,-75.86,43
79,78,-40,53,37.26,-75.86,16
80,68,-40,37,37.26,-75.86,42
81,58,-40,103,37.26,-75.86,23
82,48,-40,29,37.26,-75.86,19
83,38,-40,62,37.26,-75.86,38
84,28,-40,60,37.26,-75.86,25
85,88,-40,53,37.77,-75.53,35
86,78,-40,79,37.77,-75.53,22
87,68,-40,32,37.77,-75.53,22
88,58,-40,105,37.77,-75.53,28
89,48,-40,55,37.77,-75.53,12
90,38,-40,31,37.77,-75.53,47
91,28,-40,59,37.77,-75.53,39
92,88,-40,53,38.24,-75.17,21
93,78,-40,42,38.24,-75.17,22
94,68,-40,115,38.24,-75.17,40
95,58,-40,25,38.24,-75.17,33
96,48,-40,83,38.24,-75.17,24
97,38,-40,50,38.24,-75.17,45
98,28,-40,46,38.24,-75.17,13
99,88,-40,65,39.26,-75.41,16
100,78,-40,54,39.26,-75.41,44
101,68,-40,104,39.26,-75.41,31
102,58,-40,44,39.26,-75.41,17
103,48,-40,27,39.26,-75.41,32
104,38,-40,46,39.26,-75.41,25
105,28,-40,74,39.26,-75.41,21
106,98,-20,66,35.35,-76.26,38
107,88,-20,76,35.35,-76.26,12
108,78,-20,42,35.35,-76.26,21
109,68,-20,113,35.35,-76.26,32
110,58,-20,25,35.35,-76.26,23
111,48,-20,37,35.35,-76.26,49
112,38,-20,62,35.35,-76.26,30
113,98,-20,48,35.76,-75.74,26
114,88,-20,117,35.76,-75.74,29
115,78,-20,68,35.76,-75.74,42
116,68,-20,47,35.76,-75.74,24
117,58,-20,72,35.76,-75.74,12
118,48,-20,33,35.76,-75.74,41
119,38,-20,31,35.76,-75.74,12
120,98,-20,63,37.33,-75.74,28
121,88,-20,38,37.33,-75.74,22
122,78,-20,115,37.33,-75.74,26
123,68,-20,70,37.33,-75.74,38
124,58,-20,25,37.33,-75.74,25
125,48,-20,44,37.33,-75.74,43
126,38,-20,63,37.33,-75.74,12
127,98,-20,59,37.92,-75.31,19
128,88,-20,116,37.92,-75.31,33
129,78,-20,27,37.92,-75.31,36
130,68,-20,37,37.92,-75.31,20
131,58,-20,56,37.92,-75.31,46
132,48,-20,75,37.92,-75.31,21
133,38,-20,45,37.92,-75.31,20
134,98,-20,49,39.27,-75.24,33
135,88,-20,100,39.27,-75.24,17
136,78,-20,87,39.27,-75.24,44
137,68,-20,28,39.27,-75.24,20
138,58,-20,50,39.27,-75.24,12
139,48,-20,65,39.27,-75.24,27
140,38,-20,38,39.27,-75.24,46
141,88,0,42,34.7,-76.88,31
142,83,0,53,34.7,-76.88,12
143,78,0,77,34.7,-76.88,35
144,73,0,133,34.7,-76.88,26
145,68,0,40,34.7,-76.88,16
146,63,0,26,34.7,-76.88,13
147,58,0,29,34.7,-76.88,38
148,53,0,55,34.7,-76.88,21
149,48,0,51,34.7,-76.88,48
150,43,0,71,34.7,-76.88,15
151,38,0,59,34.7,-76.88,39
152,33,0,98,34.7,-76.88,35
153,28,0,33,34.7,-76.88,20
154,88,0,53,35.36,-76.1,27
155,83,0,39,35.36,-76.1,12
156,78,0,145,35.36,-76.1,20
157,73,0,49,35.36,-76.1,46
158,68,0,79,35.36,-76.1,29
159,63,0,27,35.36,-76.1,28
160,58,0,42,35.36,-76.1,12
161,53,0,87,35.36,-76.1,12
162,48,0,76,35.36,-76.1,42
163,43,0,39,35.36,-76.1,33
164,38,0,25,35.36,-76.1,13
165,33,0,50,35.36,-76.1,12
166,28,0,83,35.36,-76.1,24
167,88,0,93,37.87,-75.44,28
168,83,0,59,37.87,-75.44,31
169,78,0,41,37.87,-75.44,31
170,73,0,64,37.87,-75.44,12
171,68,0,40,37.87,-75.44,16
172,63,0,25,37.87,-75.44,25
173,58,0,69,37.87,-75.44,47
174,53,0,114,37.87,-75.44,25
175,48,0,78,37.87,-75.44,21
176,43,0,45,37.87,-75.44,36
177,38,0,67,37.87,-75.44,26
178,33,0,25,37.87,-75.44,53
179,28,0,53,37.87,-75.44,16
180,88,0,51,39.04,-74.78,24
181,83,0,29,39.04,-74.78,38
182,78,0,140,39.04,-74.78,32
183,73,0,64,39.04,-74.78,25
184,68,0,59,39.04,-74.78,51
185,63,0,73,39.04,-74.78,12
186,58,0,38,39.04,-74.78,14
187,53,0,42,39.04,-74.78,40
188,48,0,25,39.04,-74.78,25
189,43,0,52,39.04,-74.78,22
190,38,0,92,39.04,-74.78,32
191,33,0,71,39.04,-74.78,21
192,28,0,39,39.04,-74.78,36
193,88,20,63,40.25,-74.6086,29
194,83,20,33,40.25,-74.6089,26
195,78,20,140,40.25,-74.6086,29
196,73,20,71,40.25,-74.6085,49
197,68,20,60,40.25,-74.6091,12
198,63,20,56,40.25,-74.6091,12
199,58,20,73,40.25,-74.6091,28
200,53,20,31,40.25,-74.6069,46
201,48,20,35,40.25,-74.6075,48
202,43,20,88,40.25,-74.6098,21
203,38,20,25,40.25,-74.61,17
204,33,20,41,40.25,-74.6099,22
205,28,20,59,40.25,-74.6084,35
206,88,20,59,40.25,-73.8611,33
207,83,20,104,40.25,-73.8609,35
208,78,20,46,40.25,-73.8623,24
209,73,20,53,40.25,-73.8635,12
210,68,20,31,40.25,-73.8619,29
211,63,20,47,40.25,-73.8619,37
212,58,20,142,40.25,-73.8635,13
213,53,20,69,40.25,-73.8634,17
214,48,20,43,40.25,-73.8575,59
215,43,20,27,40.25,-73.8635,12
216,38,20,73,40.25,-73.8612,34
217,33,20,25,40.25,-73.8622,27
218,28,20,55,40.25,-73.8611,33
219,88,20,40,40.25,-73.1213,27
220,83,20,75,40.25,-73.1218,18
221,78,20,106,40.25,-73.1205,50
222,73,20,63,40.25,-73.1199,36
223,68,20,135,40.25,-73.121,21
224,63,20,25,40.25,-73.1209,38
225,58,20,48,40.25,-73.1218,12
226,53,20,54,40.25,-73.1213,27
227,48,20,38,40.25,-73.1181,45
228,43,20,34,40.25,-73.1196,33
229,38,20,79,40.25,-73.1194,34
230,33,20,31,40.25,-73.1218,12
231,28,20,40,40.25,-73.1202,29
232,88,20,54,40.25,-72.3649,15
233,83,20,140,40.25,-72.3642,18
234,78,20,66,40.25,-72.3641,25
235,73,20,56,40.25,-72.3606,44
236,68,20,79,40.25,-72.364,19
237,63,20,29,40.25,-72.3642,18
238,58,20,33,40.25,-72.3606,44
239,53,20,33,40.25,-72.364,19
240,48,20,51,40.25,-72.3634,33
241,43,20,100,40.25,-72.362,35
242,38,20,25,40.25,-72.3623,34
243,33,20,74,40.25,-72.365,12
244,28,20,46,40.25,-72.3634,29
245,88,20,44,40.25,-71.6108,18
246,83,20,104,40.25,-71.6103,19
247,78,20,25,40.25,-71.6085,42
248,73,20,95,40.25,-71.6079,36
249,68,20,55,40.25,-71.6103,19
250,63,20,71,40.25,-71.6102,23
251,58,20,86,40.25,-71.6095,52
252,53,20,49,40.25,-71.6062,45
253,48,20,67,40.25,-71.6108,12
254,43,20,25,40.25,-71.6108,12
255,38,20,41,40.25,-71.609,29
256,33,20,32,40.25,-71.609,29
257,28,20,71,40.25,-71.6106,27
258,88,20,67,40.25,-70.8376,23
259,83,20,85,40.25,-70.8372,16
260,78,20,44,40.25,-70.8372,16
261,73,20,62,40.25,-70.8324,49
262,68,20,44,40.25,-70.8343,38
263,63,20,137,40.25,-70.8371,33
264,58,20,28,40.25,-70.8367,31
265,53,20,27,40.25,-70.8371,26
266,48,20,47,40.25,-70.8359,28
267,43,20,79,40.25,-70.838,27
268,38,20,60,40.25,-70.8376,12
269,33,20,38,40.25,-70.8324,49
270,28,20,45,40.25,-70.8364,19
271,98,40,76,40.25,-72.8177,28
272,93,40,51,40.25,-72.8185,23
273,88,40,68,40.25,-72.8181,46
274,83,40,89,40.25,-72.8178,20
275,78,40,139,40.25,-72.8162,30
276,73,40,26,40.25,-72.8178,20
277,68,40,55,40.25,-72.8191,12
278,63,40,41,40.25,-72.8177,28
279,58,40,35,40.25,-72.8149,35
280,53,40,25,40.25,-72.8157,34
281,48,40,61,40.25,-72.8149,35
282,43,40,79,40.25,-72.8175,21
283,38,40,47,40.25,-72.8162,27
284,98,40,92,40.25,-71.7315,33
285,93,40,45,40.25,-71.731,35
286,88,40,34,40.25,-71.732,27
287,83,40,125,40.25,-71.7312,23
288,78,40,62,40.25,-71.731,26
289,73,40,61,40.25,-71.733,30
290,68,40,74,40.25,-71.7333,15
291,63,40,25,40.25,-71.7326,31
292,58,40,25,40.25,-71.7326,31
293,53,40,83,40.25,-71.7277,44
294,48,40,42,40.25,-71.7289,59
295,43,40,35,40.25,-71.7334,12
296,38,40,63,40.25,-71.7303,47
297,98,40,68,40.25,-70.5553,20
298,93,40,132,40.25,-70.554,22
299,88,40,55,40.25,-70.553,37
300,83,40,50,40.25,-70.554,12
301,78,40,40,40.25,-70.5498,50
302,73,40,30,40.25,-70.5523,27
303,68,40,98,40.25,-70.552,31
304,63,40,60,40.25,-70.554,17
305,58,40,90,40.25,-70.5526,21
306,53,40,34,40.25,-70.5552,13
307,48,40,43,40.25,-70.554,12
308,43,40,38,40.25,-70.5526,21
309,38,40,26,40.25,-70.5508,40
310,98,40,92,40.25,-69.2395,40
311,93,40,44,40.25,-69.2457,27
312,88,40,60,40.25,-69.2418,42
313,83,40,75,40.25,-69.2441,18
314,78,40,67,40.25,-69.2427,39
315,73,40,126,40.25,-69.2448,30
316,68,40,62,40.25,-69.2451,12
317,63,40,30,40.25,-69.2427,39
318,58,40,26,40.25,-69.2418,42
319,53,40,58,40.25,-69.2414,51
320,48,40,25,40.25,-69.2453,15
321,43,40,39,40.25,-69.244,17
322,38,40,73,40.25,-69.2436,26
323,98,40,61,40.25,-67.7014,27
324,93,40,71,40.25,-67.6971,46
325,88,40,121,40.25,-67.699,22
326,83,40,46,40.25,-67.699,22
327,78,40,25,40.25,-67.6991,34
328,73,40,70,40.25,-67.6993,15
329,68,40,50,40.25,-67.6946,54
330,63,40,42,40.25,-67.6986,12
331,58,40,48,40.25,-67.7,38
332,53,40,27,40.25,-67.6993,16
333,48,40,88,40.25,-67.6991,34
334,43,40,64,40.25,-67.699,33
335,38,40,57,40.25,-67.6986,12
336,98,40,104,40.25,-65.7211,12
337,93,40,87,40.25,-65.7235,31
338,88,40,46,40.25,-65.7211,12
339,83,40,40,40.25,-65.7203,25
340,78,40,61,40.25,-65.7213,36
341,73,40,79,40.25,-65.7211,12
342,68,40,28,40.25,-65.7203,35
343,63,40,103,40.25,-65.7235,31
344,58,40,56,40.25,-65.7261,19
345,53,40,42,40.25,-65.7231,33
346,48,40,45,40.25,-65.7179,57
347,43,40,53,40.25,-65.7221,32
348,38,40,26,40.25,-65.7238,14
349,78,-60,125,39.21,-74.66,65
350,68,-60,52,39.21,-74.66,26
351,58,-60,56,39.21,-74.66,61
352,48,-60,57,39.21,-74.66,25
353,38,-60,29,39.21,-74.66,43
354,28,-60,93,39.21,-74.66,37
355,78,-60,51,39.67,-74.21,36
356,68,-60,127,39.67,-74.21,55
357,58,-60,88,39.67,-74.21,28
358,48,-60,67,39.67,-74.21,64
359,38,-60,31,39.67,-74.21,52
360,28,-60,47,39.67,-74.21,25
361,78,-60,125,40.22,-74,43
362,68,-60,61,40.22,-74,26
363,58,-60,69,40.22,-74,62
364,48,-60,39,40.22,-74,53
365,38,-60,35,40.22,-74,35
366,28,-60,82,40.22,-74,39
367,78,-60,50,40.64,-73.48,45
368,68,-60,139,40.64,-73.48,48
369,58,-60,79,40.64,-73.48,31
370,48,-60,75,40.64,-73.48,67
371,38,-60,41,40.64,-73.48,24
372,28,-60,34,40.64,-73.48,64
373,78,-60,47,40.86,-72.49,29
374,68,-60,77,40.86,-72.49,56
375,58,-60,127,40.86,-72.49,49
376,48,-60,56,40.86,-72.49,61
377,38,-60,80,40.86,-72.49,27
378,28,-60,30,40.86,-72.49,52
379,78,-60,55,41.27,-71.96,28
380,68,-60,126,41.27,-71.96,42
381,58,-60,79,41.27,-71.96,65
382,48,-60,48,41.27,-71.96,58
383,38,-60,30,41.27,-71.96,38
384,28,-60,76,41.27,-71.96,32
385,78,-60,66,41.34,-70.66,60
386,68,-60,44,41.34,-70.66,30
387,58,-60,127,41.34,-70.66,48
388,48,-60,81,41.34,-70.66,23
389,38,-60,33,41.34,-70.66,62
390,28,-60,65,41.34,-70.66,50
391,78,-40,47,39.32,-74.51,57
392,68,-40,130,39.32,-74.51,42
393,58,-40,74,39.32,-74.51,25
394,48,-40,26,39.32,-74.51,45
395,38,-40,46,39.32,-74.51,33
396,28,-40,76,39.32,-74.51,59
397,78,-40,67,39.86,-74.13,63
398,68,-40,126,39.86,-74.13,45
399,58,-40,74,39.86,-74.13,22
400,48,-40,44,39.86,-74.13,38
401,38,-40,29,39.86,-74.13,68
402,28,-40,78,39.86,-74.13,50
403,78,-40,67,40.58,-73.96,61
404,68,-40,42,40.58,-73.96,32
405,58,-40,80,40.58,-73.96,25
406,48,-40,127,40.58,-73.96,50
407,38,-40,33,40.58,-73.96,65
408,28,-40,63,40.58,-73.96,50
409,78,-40,44,40.71,-73.14,28
410,68,-40,64,40.71,-73.14,60
411,58,-40,125,40.71,-73.14,51
412,48,-40,67,40.71,-73.14,55
413,38,-40,79,40.71,-73.14,24
414,28,-40,33,40.71,-73.14,58
415,78,-40,46,40.88,-72.37,25
416,68,-40,62,40.88,-72.37,62
417,58,-40,126,40.88,-72.37,61
418,48,-40,94,40.88,-72.37,30
419,38,-40,30,40.88,-72.37,55
420,28,-40,59,40.88,-72.37,41
421,78,-40,82,41.34,-71.92,59
422,68,-40,61,41.34,-71.92,24
423,58,-40,44,41.34,-71.92,60
424,48,-40,128,41.34,-71.92,36
425,38,-40,31,41.34,-71.92,29
426,28,-40,70,41.34,-71.92,48
427,78,-40,52,41.49,-71.13,23
428,68,-40,126,41.49,-71.13,40
429,58,-40,45,41.49,-71.13,55
430,48,-40,81,41.49,-71.13,69
431,38,-40,72,41.49,-71.13,33
432,28,-40,26,41.49,-71.13,34
433,88,-20,55,39.38,-74.51,62
434,78,-20,82,39.38,-74.51,27
435,68,-20,126,39.38,-74.51,50
436,58,-20,28,39.38,-74.51,52
437,48,-20,48,39.38,-74.51,29
438,38,-20,76,39.38,-74.51,57
439,88,-20,47,40.06,-74.04,36
440,78,-20,130,40.06,-74.04,42
441,68,-20,50,40.06,-74.04,68
442,58,-20,73,40.06,-74.04,23
443,48,-20,79,40.06,-74.04,56
444,38,-20,36,40.06,-74.04,44
445,88,-20,60,40.62,-73.53,45
446,78,-20,129,40.62,-73.53,43
447,68,-20,43,40.62,-73.53,29
448,58,-20,75,40.62,-73.53,63
449,48,-20,37,40.62,-73.53,58
450,38,-20,72,40.62,-73.53,28
451,88,-20,43,40.77,-72.81,38
452,78,-20,82,40.77,-72.81,29
453,68,-20,66,40.77,-72.81,64
454,58,-20,128,40.77,-72.81,52
455,48,-20,29,40.77,-72.81,64
456,38,-20,51,40.77,-72.81,32
457,88,-20,58,40.96,-72.12,34
458,78,-20,50,40.96,-72.12,35
459,68,-20,126,40.96,-72.12,48
460,58,-20,68,40.96,-72.12,66
461,48,-20,34,40.96,-72.12,48
462,38,-20,80,40.96,-72.12,29
463,88,-20,67,41.37,-71.54,56
464,78,-20,126,41.37,-71.54,41
465,68,-20,34,41.37,-71.54,26
466,58,-20,66,41.37,-71.54,22
467,48,-20,40,41.37,-71.54,54
468,38,-20,78,41.37,-71.54,57
469,78,0,74,40.05,-74.05,38
470,73,0,89,40.05,-74.05,79
471,68,0,112,40.05,-74.05,14
472,63,0,35,40.05,-74.05,36
473,58,0,62,40.05,-74.05,50
474,53,0,25,40.05,-74.05,54
475,48,0,58,40.05,-74.05,47
476,43,0,42,40.05,-74.05,66
477,38,0,126,40.05,-74.05,47
478,33,0,52,40.05,-74.05,19
479,28,0,71,40.05,-74.05,60
480,78,0,58,40.68,-73.31,75
481,73,0,61,40.68,-73.31,32
482,68,0,143,40.68,-73.31,30
483,63,0,36,40.68,-73.31,33
484,58,0,97,40.68,-73.31,59
485,53,0,60,40.68,-73.31,29
486,48,0,49,40.68,-73.31,58
487,43,0,98,40.68,-73.31,39
488,38,0,25,40.68,-73.31,56
489,33,0,61,40.68,-73.31,54
490,28,0,60,40.68,-73.31,18
491,78,0,117,40.84,-72.57,38
492,73,0,73,40.84,-72.57,62
493,68,0,42,40.84,-72.57,43
494,63,0,76,40.84,-72.57,21
495,58,0,56,40.84,-72.57,68
496,53,0,25,40.84,-72.57,30
497,48,0,45,40.84,-72.57,29
498,43,0,80,40.84,-72.57,50
499,38,0,132,40.84,-72.57,45
500,33,0,39,40.84,-72.57,66
501,28,0,61,40.84,-72.57,40
502,78,0,82,41.31,-71.84,47
503,73,0,46,41.31,-71.84,42
504,68,0,96,41.31,-71.84,68
505,63,0,74,41.31,-71.84,18
506,58,0,130,41.31,-71.84,32
507,53,0,33,41.31,-71.84,14
508,48,0,94,41.31,-71.84,45
509,43,0,28,41.31,-71.84,55
510,38,0,64,41.31,-71.84,38
511,33,0,58,41.31,-71.84,66
512,28,0,46,41.31,-71.84,39
513,78,0,71,41.54,-71.1,26
514,73,0,76,41.54,-71.1,56
515,68,0,140,41.54,-71.1,50
516,63,0,44,41.54,-71.1,44
517,58,0,52,41.54,-71.1,88
518,53,0,25,41.54,-71.1,56
519,48,0,51,41.54,-71.1,50
520,43,0,83,41.54,-71.1,69
521,38,0,37,41.54,-71.1,14
522,33,0,99,41.54,-71.1,35
523,28,0,62,41.54,-71.1,38
524,78,20,73,40.25,-74.6703,38
525,73,20,86,40.25,-74.6697,82
526,68,20,83,40.25,-74.6697,32
527,63,20,50,40.25,-74.6698,55
528,58,20,37,40.25,-74.6698,34
529,53,20,137,40.25,-74.6697,39
530,48,20,59,40.25,-74.6703,22
531,43,20,28,40.25,-74.6698,49
532,38,20,92,40.25,-74.6702,51
533,33,20,59,40.25,-74.6697,58
534,28,20,45,40.25,-74.6701,35
535,78,20,41,40.25,-73.8398,33
536,73,20,69,40.25,-73.8399,61
537,68,20,108,40.25,-73.8403,22
538,63,20,145,40.25,-73.8402,50
539,58,20,26,40.25,-73.8402,50
540,53,20,70,40.25,-73.8401,17
541,48,20,58,40.25,-73.8397,39
542,43,20,41,40.25,-73.8403,77
543,38,20,50,40.25,-73.8395,47
544,33,20,41,40.25,-73.8397,39
545,28,20,100,40.25,-73.8398,49
546,78,20,70,40.25,-73.0198,34
547,73,20,36,40.25,-73.02,60
548,68,20,144,40.25,-73.0195,52
549,63,20,73,40.25,-73.0203,22
550,58,20,70,40.25,-73.02,56
551,53,20,44,40.25,-73.0197,39
552,48,20,60,40.25,-73.02,60
553,43,20,25,40.25,-73.0202,41
554,38,20,103,40.25,-73.0199,42
555,33,20,50,40.25,-73.0201,74
556,28,20,61,40.25,-73.0199,23
557,78,20,77,40.25,-72.1897,32
558,73,20,62,40.25,-72.1895,65
559,68,20,33,40.25,-72.1899,42
560,63,20,138,40.25,-72.1898,49
561,58,20,62,40.25,-72.1901,27
562,53,20,93,40.25,-72.1897,58
563,48,20,101,40.25,-72.1899,23
564,43,20,42,40.25,-72.1904,14
565,38,20,48,40.25,-72.1899,46
566,33,20,61,40.25,-72.1899,48
567,28,20,33,40.25,-72.1899,84
568,78,20,60,40.25,-71.3698,44
569,73,20,96,40.25,-71.3698,33
570,68,20,57,40.25,-71.37,73
571,63,20,145,40.25,-71.3697,43
572,58,20,32,40.25,-71.3698,55
573,53,20,31,40.25,-71.37,24
574,48,20,90,40.25,-71.3702,51
575,43,20,35,40.25,-71.3697,39
576,38,20,85,40.25,-71.3704,14
577,33,20,57,40.25,-71.3699,46
578,28,20,57,40.25,-71.3699,46
579,78,20,44,40.25,-70.5398,34
580,73,20,78,40.25,-70.5398,33
581,68,20,139,40.25,-70.5395,65
582,63,20,65,40.25,-70.5399,61
583,58,20,111,40.25,-70.5397,29
584,53,20,30,40.25,-70.5398,49
585,48,20,58,40.25,-70.5397,29
586,43,20,50,40.25,-70.5395,53
587,38,20,42,40.25,-70.54,60
588,33,20,41,40.25,-70.5404,14
589,28,20,95,40.25,-70.5402,51
590,78,20,68,40.25,-69.7194,57
591,73,20,141,40.25,-69.7201,37
592,68,20,58,40.25,-69.7196,26
593,63,20,32,40.25,-69.7198,55
594,58,20,79,40.25,-69.7198,44
595,53,20,33,40.25,-69.7197,43
596,48,20,39,40.25,-69.7204,14
597,43,20,83,40.25,-69.7201,17
598,38,20,54,40.25,-69.7202,50
599,33,20,55,40.25,-69.72,60
600,28,20,100,40.25,-69.7198,54
601,78,20,68,40.25,-68.8895,48
602,73,20,128,40.25,-68.89,60
603,68,20,67,40.25,-68.8903,22
604,63,20,66,40.25,-68.89,56
605,58,20,62,40.25,-68.8895,78
606,53,20,56,40.25,-68.8896,24
607,48,20,32,40.25,-68.8895,53
608,43,20,38,40.25,-68.8902,28
609,38,20,62,40.25,-68.8895,63
610,33,20,100,40.25,-68.8901,37
611,28,20,52,40.25,-68.8895,47
612,78,20,118,40.25,-68.0602,25
613,73,20,61,40.25,-68.0601,51
614,68,20,36,40.25,-68.0595,28
615,63,20,58,40.25,-68.0595,36
616,58,20,74,40.25,-68.0597,29
617,53,20,50,40.25,-68.06,59
618,48,20,93,40.25,-68.0594,57
619,43,20,126,40.25,-68.0598,34
620,38,20,27,40.25,-68.0593,62
621,33,20,57,40.25,-68.0601,27
622,28,20,51,40.25,-68.0593,62
623,88,40,66,40.25,-73.9121,31
624,83,40,94,40.25,-73.9127,43
625,78,40,76,40.25,-73.912,60
626,73,40,46,40.25,-73.912,45
627,68,40,45,40.25,-73.9129,88
628,63,40,129,40.25,-73.9117,56
629,58,40,98,40.25,-73.9127,29
630,53,40,29,40.25,-73.9114,50
631,48,40,46,40.25,-73.912,14
632,43,40,66,40.25,-73.9123,53
633,38,40,52,40.25,-73.912,34
634,88,40,69,40.25,-72.9017,39
635,83,40,137,40.25,-72.9014,57
636,78,40,47,40.25,-72.902,14
637,73,40,64,40.25,-72.9018,79
638,68,40,60,40.25,-72.902,45
639,63,40,33,40.25,-72.9027,29
640,58,40,34,40.25,-72.9017,56
641,53,40,102,40.25,-72.9022,41
642,48,40,54,40.25,-72.9022,41
643,43,40,72,40.25,-72.9023,17
644,38,40,64,40.25,-72.9013,67
645,88,40,105,40.25,-71.8872,33
646,83,40,67,40.25,-71.8872,59
647,78,40,46,40.25,-71.8869,36
648,73,40,50,40.25,-71.887,53
649,68,40,33,40.25,-71.8864,76
650,63,40,126,40.25,-71.8871,38
651,58,40,68,40.25,-71.887,21
652,53,40,28,40.25,-71.8869,31
653,48,40,85,40.25,-71.8863,49
654,43,40,88,40.25,-71.8863,69
655,38,40,54,40.25,-71.8869,54
656,88,40,146,40.25,-70.8719,44
657,83,40,54,40.25,-70.8716,27
658,78,40,63,40.25,-70.8712,71
659,73,40,67,40.25,-70.872,36
660,68,40,87,40.25,-70.872,14
661,63,40,25,40.25,-70.872,28
662,58,40,63,40.25,-70.8719,44
663,53,40,43,40.25,-70.8719,29
664,48,40,115,40.25,-70.8719,44
665,43,40,32,40.25,-70.8724,59
666,38,40,68,40.25,-70.872,45
667,88,40,75,40.25,-69.8608,58
668,83,40,48,40.25,-69.8615,35
669,78,40,136,40.25,-69.8615,40
670,73,40,37,40.25,-69.8618,73
671,68,40,92,40.25,-69.8612,33
672,63,40,27,40.25,-69.8609,34
673,58,40,54,40.25,-69.8619,47
674,53,40,76,40.25,-69.8615,28
675,48,40,105,40.25,-69.8608,58
676,43,40,53,40.25,-69.862,52
677,38,40,40,40.25,-69.862,14
678,88,40,158,40.25,-68.8519,62
679,83,40,46,40.25,-68.8512,51
680,78,40,62,40.25,-68.8508,49
681,73,40,51,40.25,-68.8509,16
682,68,40,90,40.25,-68.8513,17
683,63,40,70,40.25,-68.852,45
684,58,40,62,40.25,-68.8517,80
685,53,40,29,40.25,-68.8512,71
686,48,40,27,40.25,-68.8509,34
687,43,40,105,40.25,-68.851,56
688,38,40,51,40.25,-68.8519,46
689,68,-60,153,41.68,-69.96,58
690,58,-60,51,41.68,-69.96,36
691,48,-60,75,41.68,-69.96,66
692,38,-60,95,41.68,-69.96,35
693,28,-60,36,41.68,-69.96,66
694,68,-60,53,42.65,-70.59,48
695,58,-60,151,42.65,-70.59,53
696,48,-60,89,42.65,-70.59,33
697,38,-60,83,42.65,-70.59,70
698,28,-60,28,42.65,-70.59,51
699,68,-60,50,43.32,-70.56,60
700,58,-60,154,43.32,-70.56,46
701,48,-60,78,43.32,-70.56,35
702,38,-60,92,43.32,-70.56,68
703,28,-60,35,43.32,-70.56,29
704,68,-60,69,43.82,-70.12,66
705,58,-60,151,43.82,-70.12,61
706,48,-60,98,43.82,-70.12,37
707,38,-60,33,43.82,-70.12,60
708,28,-60,53,43.82,-70.12,34
709,68,-60,152,44.06,-69.07,44
710,58,-60,52,44.06,-69.07,60
711,48,-60,78,44.06,-69.07,33
712,38,-60,92,44.06,-69.07,67
713,28,-60,36,44.06,-69.07,32
714,68,-60,79,44.37,-68.19,61
715,58,-60,153,44.37,-68.19,53
716,48,-60,48,44.37,-68.19,37
717,38,-60,40,44.37,-68.19,71
718,28,-60,91,44.37,-68.19,28
719,68,-60,54,43.72,-65.02,51
720,58,-60,154,43.72,-65.02,49
721,48,-60,86,43.72,-65.02,31
722,38,-60,88,43.72,-65.02,68
723,28,-60,30,43.72,-65.02,44
724,68,-60,50,44.18,-64.48,61
725,58,-60,150,44.18,-64.48,46
726,48,-60,79,44.18,-64.48,36
727,38,-60,93,44.18,-64.48,71
728,28,-60,38,44.18,-64.48,28
729,68,-60,52,44.47,-63.55,62
730,58,-60,150,44.47,-63.55,42
731,48,-60,77,44.47,-63.55,33
732,38,-60,96,44.47,-63.55,67
733,28,-60,36,44.47,-63.55,34
734,68,-40,51,41.63,-70.32,49
735,58,-40,152,41.63,-70.32,49
736,48,-40,86,41.63,-70.32,31
737,38,-40,85,41.63,-70.32,68
738,28,-40,26,41.63,-70.32,50
739,68,-40,151,42.96,-70.77,44
740,58,-40,77,42.96,-70.77,35
741,48,-40,50,42.96,-70.77,62
742,38,-40,37,42.96,-70.77,30
743,28,-40,93,42.96,-70.77,68
744,68,-40,54,43.53,-70.36,64
745,58,-40,151,43.53,-70.36,40
746,48,-40,70,43.53,-70.36,29
747,38,-40,94,43.53,-70.36,61
748,28,-40,35,43.53,-70.36,40
749,68,-40,51,43.88,-69.7,34
750,58,-40,151,43.88,-69.7,59
751,48,-40,74,43.88,-69.7,65
752,38,-40,96,43.88,-69.7,34
753,28,-40,36,43.88,-69.7,63
754,68,-40,51,44.04,-68.83,37
755,58,-40,151,44.04,-68.83,55
756,48,-40,78,44.04,-68.83,64
757,38,-40,94,44.04,-68.83,30
758,28,-40,37,44.04,-68.83,67
759,68,-40,68,44.47,-68.27,66
760,58,-40,152,44.47,-68.27,65
761,48,-40,101,44.47,-68.27,39
762,38,-40,54,44.47,-68.27,32
763,28,-40,34,44.47,-68.27,57
764,68,-40,51,44.63,-67.39,65
765,58,-40,150,44.63,-67.39,43
766,48,-40,76,44.63,-67.39,36
767,38,-40,95,44.63,-67.39,67
768,28,-40,37,44.63,-67.39,34
769,68,-40,48,43.69,-65.24,36
770,58,-40,151,43.69,-65.24,55
771,48,-40,79,43.69,-65.24,61
772,38,-40,42,43.69,-65.24,71
773,28,-40,91,43.69,-65.24,29
774,68,-40,52,44.07,-64.62,65
775,58,-40,151,44.07,-64.62,41
776,48,-40,71,44.07,-64.62,30
777,38,-40,92,44.07,-64.62,61
778,28,-40,36,44.07,-64.62,41
779,68,-40,50,44.5,-64.06,61
780,58,-40,153,44.5,-64.06,45
781,48,-40,78,44.5,-64.06,34
782,38,-40,91,44.5,-64.06,67
783,28,-40,38,44.5,-64.06,29
784,68,-40,48,44.72,-63.25,60
785,58,-40,80,44.72,-63.25,36
786,48,-40,151,44.72,-63.25,47
787,38,-40,89,44.72,-63.25,69
788,28,-40,40,44.72,-63.25,29
789,78,-20,52,41.63,-70.87,36
790,68,-20,76,41.63,-70.87,66
791,58,-20,154,41.63,-70.87,54
792,48,-20,93,41.63,-70.87,33
793,38,-20,36,41.63,-70.87,64
794,78,-20,49,43,-70.75,37
795,68,-20,150,43,-70.75,52
796,58,-20,79,43,-70.75,65
797,48,-20,87,43,-70.75,32
798,38,-20,40,43,-70.75,66
799,78,-20,63,43.69,-70.25,35
800,68,-20,103,43.69,-70.25,57
801,58,-20,150,43.69,-70.25,30
802,48,-20,58,43.69,-70.25,72
803,38,-20,33,43.69,-70.25,48
804,78,-20,52,43.88,-69.48,64
805,68,-20,75,43.88,-69.48,35
806,58,-20,151,43.88,-69.48,41
807,48,-20,97,43.88,-69.48,67
808,38,-20,37,43.88,-69.48,35
809,78,-20,51,44.46,-68.9,63
810,68,-20,150,44.46,-68.9,45
811,58,-20,78,44.46,-68.9,35
812,48,-20,92,44.46,-68.9,69
813,38,-20,39,44.46,-68.9,33
814,78,-20,51,44.41,-68.01,36
815,68,-20,78,44.41,-68.01,63
816,58,-20,152,44.41,-68.01,55
817,48,-20,94,44.41,-68.01,30
818,38,-20,37,44.41,-68.01,67
819,78,-20,51,44.63,-67.26,36
820,68,-20,79,44.63,-67.26,66
821,58,-20,153,44.63,-67.26,53
822,48,-20,37,44.63,-67.26,66
823,38,-20,91,44.63,-67.26,34
824,78,-20,59,43.71,-65.93,69
825,68,-20,166,43.71,-65.93,50
826,58,-20,34,43.71,-65.93,49
827,48,-20,93,43.71,-65.93,49
828,38,-20,58,43.71,-65.93,29
829,78,-20,52,43.7,-65.06,61
830,68,-20,151,43.7,-65.06,43
831,58,-20,95,43.7,-65.06,67
832,48,-20,36,43.7,-65.06,32
833,38,-20,78,43.7,-65.06,34
834,78,-20,49,44.19,-64.45,60
835,68,-20,81,44.19,-64.45,35
836,58,-20,150,44.19,-64.45,48
837,48,-20,87,44.19,-64.45,68
838,38,-20,42,44.19,-64.45,32
839,78,-20,38,44.45,-63.71,67
840,68,-20,156,44.45,-63.71,55
841,58,-20,92,44.45,-63.71,33
842,48,-20,77,44.45,-63.71,65
843,38,-20,49,44.45,-63.71,37
844,68,0,89,43.58,-70.3,43
845,63,0,55,43.58,-70.3,49
846,58,0,154,43.58,-70.3,54
847,53,0,32,43.58,-70.3,60
848,48,0,86,43.58,-70.3,52
849,43,0,74,43.58,-70.3,73
850,38,0,70,43.58,-70.3,18
851,33,0,44,43.58,-70.3,43
852,28,0,104,43.58,-70.3,42
853,68,0,64,43.88,-69.48,51
854,63,0,84,43.88,-69.48,62
855,58,0,156,43.88,-69.48,46
856,53,0,28,43.88,-69.48,58
857,48,0,80,43.88,-69.48,25
858,43,0,43,43.88,-69.48,33
859,38,0,49,43.88,-69.48,64
860,33,0,104,43.88,-69.48,55
861,28,0,61,43.88,-69.48,60
862,68,0,72,44.15,-68.66,60
863,63,0,162,44.15,-68.66,50
864,58,0,58,44.15,-68.66,72
865,53,0,49,44.15,-68.66,31
866,48,0,32,44.15,-68.66,53
867,43,0,100,44.15,-68.66,26
868,38,0,72,44.15,-68.66,38
869,33,0,105,44.15,-68.66,59
870,28,0,51,44.15,-68.66,58
871,68,0,80,44.56,-67.85,59
872,63,0,57,44.56,-67.85,48
873,58,0,107,44.56,-67.85,70
874,53,0,153,44.56,-67.85,49
875,48,0,32,44.56,-67.85,41
876,43,0,100,44.56,-67.85,34
877,38,0,42,44.56,-67.85,73
878,33,0,54,44.56,-67.85,27
879,28,0,73,44.56,-67.85,57
880,68,0,85,44.77,-67.04,30
881,63,0,52,44.77,-67.04,51
882,58,0,154,44.77,-67.04,47
883,53,0,103,44.77,-67.04,54
884,48,0,78,44.77,-67.04,35
885,43,0,83,44.77,-67.04,72
886,38,0,36,44.77,-67.04,38
887,33,0,38,44.77,-67.04,79
888,28,0,59,44.77,-67.04,48
889,68,0,79,44.36,-66.22,25
890,63,0,151,44.36,-66.22,48
891,58,0,80,44.36,-66.22,67
892,53,0,52,44.36,-66.22,46
893,48,0,45,44.36,-66.22,83
894,43,0,33,44.36,-66.22,43
895,38,0,98,44.36,-66.22,59
896,33,0,99,44.36,-66.22,40
897,28,0,57,44.36,-66.22,53
898,68,0,104,43.48,-65.41,68
899,63,0,70,43.48,-65.41,29
900,58,0,54,43.48,-65.41,53
901,53,0,163,43.48,-65.41,40
902,48,0,32,43.48,-65.41,52
903,43,0,97,43.48,-65.41,42
904,38,0,56,43.48,-65.41,65
905,33,0,49,43.48,-65.41,29
906,28,0,79,43.48,-65.41,56
907,68,0,83,44.07,-64.6,56
908,63,0,50,44.07,-64.6,44
909,58,0,168,44.07,-64.6,43
910,53,0,80,44.07,-64.6,28
911,48,0,42,44.07,-64.6,79
912,43,0,59,44.07,-64.6,67
913,38,0,104,44.07,-64.6,61
914,33,0,36,44.07,-64.6,38
915,28,0,71,44.07,-64.6,42
916,68,0,76,44.47,-63.78,61
917,63,0,83,44.47,-63.78,41
918,58,0,170,44.47,-63.78,52
919,53,0,48,44.47,-63.78,46
920,48,0,26,44.47,-63.78,53
921,43,0,64,44.47,-63.78,25
922,38,0,101,44.47,-63.78,44
923,33,0,75,44.47,-63.78,74
924,28,0,50,44.47,-63.78,56
925,68,20,50,40.25,-72.8667,41
926,63,20,94,40.25,-72.8662,37
927,58,20,66,40.25,-72.8662,78
928,53,20,162,40.25,-72.8666,47
929,48,20,57,40.25,-72.8665,54
930,43,20,30,40.25,-72.866,55
931,38,20,72,40.25,-72.866,20
932,33,20,93,40.25,-72.866,61
933,28,20,59,40.25,-72.8666,60
934,68,20,89,40.25,-71.9322,40
935,63,20,60,40.25,-71.9321,47
936,58,20,31,40.25,-71.9325,54
937,53,20,174,40.25,-71.9321,45
938,48,20,102,40.25,-71.932,72
939,43,20,56,40.25,-71.9322,69
940,38,20,38,40.25,-71.9317,32
941,33,20,98,40.25,-71.9321,38
942,28,20,54,40.25,-71.9322,30
943,68,20,87,40.25,-71.0073,51
944,63,20,101,40.25,-71.0078,31
945,58,20,52,40.25,-71.0078,50
946,53,20,50,40.25,-71.0082,45
947,48,20,155,40.25,-71.0073,51
948,43,20,27,40.25,-71.0082,45
949,38,20,87,40.25,-71.0079,61
950,33,20,49,40.25,-71.0076,81
951,28,20,75,40.25,-71.0077,28
952,68,20,55,40.25,-70.0739,50
953,63,20,112,40.25,-70.0732,16
954,58,20,35,40.25,-70.0744,54
955,53,20,165,40.25,-70.0736,52
956,48,20,75,40.25,-70.0739,45
957,43,20,67,40.25,-70.074,79
958,38,20,51,40.25,-70.0727,17
959,33,20,102,40.25,-70.074,49
960,28,20,48,40.25,-70.0736,53
961,68,20,100,40.25,-69.1491,38
962,63,20,82,40.25,-69.1513,74
963,58,20,59,40.25,-69.1484,47
964,53,20,151,40.25,-69.1495,53
965,48,20,64,40.25,-69.1504,59
966,43,20,34,40.25,-69.1495,71
967,38,20,41,40.25,-69.1483,35
968,33,20,78,40.25,-69.1486,25
969,28,20,94,40.25,-69.1496,49
970,68,20,62,40.25,-68.2146,42
971,63,20,92,40.25,-68.215,57
972,58,20,156,40.25,-68.2149,29
973,53,20,35,40.25,-68.215,57
974,48,20,113,40.25,-68.215,57
975,43,20,50,40.25,-68.2148,46
976,38,20,61,40.25,-68.2155,69
977,33,20,74,40.25,-68.2147,36
978,28,20,42,40.25,-68.2143,26
979,68,20,109,40.25,-67.2802,71
980,63,20,88,40.25,-67.2795,28
981,58,20,52,40.25,-67.2803,57
982,53,20,28,40.25,-67.2795,51
983,48,20,152,40.25,-67.2807,46
984,43,20,77,40.25,-67.2795,51
985,38,20,50,40.25,-67.28,29
986,33,20,88,40.25,-67.2817,54
987,28,20,55,40.25,-67.283,73
988,68,20,85,40.25,-66.3583,59
989,63,20,83,40.25,-66.3551,25
990,58,20,40,40.25,-66.3595,66
991,53,20,68,40.25,-66.3595,66
992,48,20,150,40.25,-66.3561,36
993,43,20,59,40.25,-66.3555,34
994,38,20,108,40.25,-66.3566,50
995,33,20,30,40.25,-66.3552,38
996,28,20,62,40.25,-66.358,65
997,78,40,82,40.25,-73.5417,56
998,73,40,156,40.25,-73.5418,48
999,68,40,45,40.25,-73.5434,34
1000,63,40,82,40.25,-73.5421,23
1001,58,40,34,40.25,-73.5395,64
1002,53,40,69,40.25,-73.5396,83
1003,48,40,58,40.25,-73.5428,52
1004,43,40,113,40.25,-73.5428,52
1005,38,40,69,40.25,-73.5423,45
1006,78,40,117,40.25,-72.3991,64
1007,73,40,58,40.25,-72.4002,51
1008,68,40,73,40.25,-72.4018,19
1009,63,40,56,40.25,-72.4,54
1010,58,40,152,40.25,-72.4011,39
1011,53,40,29,40.25,-72.4012,57
1012,48,40,40,40.25,-72.4015,29
1013,43,40,73,40.25,-72.3992,77
1014,38,40,87,40.25,-72.4008,43
1015,78,40,157,40.25,-71.2607,53
1016,73,40,55,40.25,-71.2611,23
1017,68,40,71,40.25,-71.2608,45
1018,63,40,51,40.25,-71.2584,73
1019,58,40,74,40.25,-71.2598,48
1020,53,40,96,40.25,-71.2604,75
1021,48,40,31,40.25,-71.2602,49
1022,43,40,113,40.25,-71.2606,36
1023,38,40,57,40.25,-71.2598,48
1024,78,40,65,40.25,-70.1189,47
1025,73,40,154,40.25,-70.1189,47
1026,68,40,39,40.25,-70.1188,67
1027,63,40,35,40.25,-70.1196,27
1028,58,40,100,40.25,-70.1194,26
1029,53,40,70,40.25,-70.1173,79
1030,48,40,104,40.25,-70.1184,58
1031,43,40,71,40.25,-70.1201,36
1032,38,40,53,40.25,-70.1192,45
1033,78,40,83,40.25,-68.9779,67
1034,73,40,88,40.25,-68.9789,27
1035,68,40,156,40.25,-68.9789,45
1036,63,40,45,40.25,-68.9785,52
1037,58,40,33,40.25,-68.9787,28
1038,53,40,73,40.25,-68.9786,44
1039,48,40,64,40.25,-68.9783,42
1040,43,40,53,40.25,-68.9771,81
1041,38,40,107,40.25,-68.9786,53
1042,78,40,174,40.25,-67.8377,43
1043,73,40,77,40.25,-67.8377,62
1044,68,40,58,40.25,-67.8371,66
1045,63,40,39,40.25,-67.8378,61
1046,58,40,74,40.25,-67.8373,32
1047,53,40,39,40.25,-67.8374,33
1048,48,40,69,40.25,-67.8373,32
1049,43,40,114,40.25,-67.8376,50
1050,38,40,59,40.25,-67.8374,57